ISO3,Country
AFG,Afghanistan
AGO,Angola
ALB,Albania
AND,Andorra
ARE,United Arab Emirates
ARM,Armenia
ATG,Antigua and Barbuda
AUT,Austria
AZE,Azerbaijan
BDI,Burundi
BEL,Belgium
BEN,Benin
BFA,Burkina Faso
BGD,Bangladesh
BGR,Bulgaria
BHR,Bahrain
BHS,Bahamas
BIH,Bosnia and Herzegovina
BLR,Belarus
BLZ,Belize
BOL,Bolivia
BRB,Barbados
BRN,Brunei Darussalam
BTN,Bhutan
BWA,Botswana
CAF,Central African Republic
CHE,Switzerland
CHL,Chile
CIV,Cote d'Ivoire
CMR,Cameroon
COD,"Congo, Democratic Republic of"
COG,"Congo, Republic of the"
COL,Colombia
COM,Comoros
CPV,Cape Verde
CRI,Costa Rica
CUB,Cuba
CYP,Cyprus
CZE,Czech Republic
DJI,Djibouti
DMA,Dominica
DNK,Denmark
DOM,Dominican Republic
DZA,Algeria
ECU,Ecuador
EGY,Egypt
ERI,Eritrea
ESP,Spain
EST,Estonia
ETH,Ethiopia
FIN,Finland
FJI,Fiji
FSM,Micronesia
GAB,Gabon
GEO,Georgia
GHA,Ghana
GIN,Guinea
GMB,Gambia
GNB,Guinea-Bissau
GNQ,Equatorial Guinea
GRC,Greece
GRD,Grenada
GTM,Guatemala
GUY,Guyana
HND,Honduras
HRV,Croatia
HTI,Haiti
HUN,Hungary
IRL,Ireland
IRN,Iran
IRQ,Iraq
ISL,Iceland
ISR,Israel
JAM,Jamaica
JOR,Jordan
KAZ,Kazakhstan
KEN,Kenya
KGZ,Kyrgyzstan
KHM,Cambodia
KIR,Kiribati
KNA,Saint Kitts and Nevis
KWT,Kuwait
LAO,Laos
LBN,Lebanon
LBR,Liberia
LBY,Libya
LCA,Saint Lucia
LIE,Liechtenstein
LKA,Sri Lanka
LSO,Lesotho
LTU,Lithuania
LUX,Luxembourg
LVA,Latvia
MAR,Morocco
MCO,Monaco
MDA,Moldova
MDG,Madagascar
MDV,Maldives
MHL,Marshall Islands
MKD,Macedonia
MLI,Mali
MLT,Malta
MMR,Myanmar
MNE,Montenegro
MNG,Mongolia
MOZ,Mozambique
MRT,Mauritania
MUS,Mauritius
MWI,Malawi
MYS,Malaysia
NAM,Namibia
NER,Niger
NGA,Nigeria
NIC,Nicaragua
NLD,Netherlands
NOR,Norway
NPL,Nepal
NRU,Nauru
NZL,New Zealand
OMN,Oman
PAK,Pakistan
PAN,Panama
PER,Peru
PHL,Philippines
PLW,Palau
PNG,Papua New Guinea
POL,Poland
PRK,"Korea, Democratic People's Republic"
PRT,Portugal
PRY,Paraguay
QAT,Qatar
ROU,Romania
RWA,Rwanda
SDN,Sudan
SEN,Senegal
SGP,Singapore
SLB,Solomon Islands
SLE,Sierra Leone
SLV,El Salvador
SMR,San Marino
SOM,Somalia
SRB,Serbia
SSD,South Sudan
STP,Sao Tome and Principe
SUR,Suriname
SVK,Slovakia
SVN,Slovenia
SWE,Sweden
SWZ,Swaziland
SYC,Seychelles
SYR,Syria
TCD,Chad
TGO,Togo
THA,Thailand
TJK,Tajikistan
TKM,Turkmenistan
TLS,Timor-Leste
TON,Tonga
TTO,Trinidad and Tobago
TUN,Tunisia
TUV,Tuvalu
TZA,Tanzania
UGA,Uganda
UKR,Ukraine
URY,Uruguay
UZB,Uzbekistan
VCT,Saint Vincent and the Grenadines
VEN,Venezuela
VNM,Viet Nam
VUT,Vanuatu
WSM,Samoa
XKX,Kosovo
YEM,Yemen
ZMB,Zambia
ZWE,Zimbabwe
